video_path,fname,label,prob,pred,correct,original,width,height,fps,duration,video_bitrate,video_codec,nb_frames
data/raw/DFDC/abarnvbtwb.mp4,abarnvbtwb.mp4,real,0.14949727058410645,real,True,,1920,1080,29.97,10.01,3942492.0,h264,300
data/raw/DFDC/aelfnikyqj.mp4,aelfnikyqj.mp4,real,0.0012022090377286077,real,True,,1920,1080,29.97,10.01,5895110.0,h264,300
data/raw/DFDC/afoovlsmtx.mp4,afoovlsmtx.mp4,real,0.002517680637538433,real,True,,1080,1920,29.97,10.01,2572141.0,h264,300
data/raw/DFDC/agrmhtjdlk.mp4,agrmhtjdlk.mp4,real,0.0030201985500752926,real,True,,1920,1080,29.97,10.01,3451392.0,h264,300
data/raw/DFDC/ahqqqilsxt.mp4,ahqqqilsxt.mp4,real,0.001045574084855616,real,True,,1920,1080,29.97,10.01,6686508.0,h264,300
data/raw/DFDC/ajqslcypsw.mp4,ajqslcypsw.mp4,real,0.0020446768030524254,real,True,,1920,1080,29.97,10.01,4087127.0,h264,300
data/raw/DFDC/anpuvshzoo.mp4,anpuvshzoo.mp4,real,0.0021557421423494816,real,True,,1920,1080,29.97,10.01,3906248.0,h264,300
data/raw/DFDC/asaxgevnnp.mp4,asaxgevnnp.mp4,real,0.007958869449794292,real,True,,1920,1080,29.97,10.01,2566190.0,h264,300
data/raw/DFDC/atkdltyyen.mp4,atkdltyyen.mp4,real,0.0038793596904724836,real,True,,1920,1080,29.97,10.01,3930006.0,h264,300
data/raw/DFDC/atvmxvwyns.mp4,atvmxvwyns.mp4,real,0.9996578693389893,fake,False,,1920,1080,29.97,10.01,2113848.0,h264,300
data/raw/DFDC/avmjormvsx.mp4,avmjormvsx.mp4,real,0.0006277612410485744,real,True,,1920,1080,29.97,10.01,5074665.0,h264,300
data/raw/DFDC/axntxmycwd.mp4,axntxmycwd.mp4,real,0.002322274027392268,real,True,,1920,1080,29.97,10.01,8591341.0,h264,300
data/raw/DFDC/aybgughjxh.mp4,aybgughjxh.mp4,real,0.0011901073157787323,real,True,,1920,1080,29.97,10.01,6963049.0,h264,300
data/raw/DFDC/aybumesmpk.mp4,aybumesmpk.mp4,real,0.0892384797334671,real,True,,1920,1080,29.97,10.01,2510061.0,h264,300
data/raw/DFDC/aytzyidmgs.mp4,aytzyidmgs.mp4,real,0.9999955892562866,fake,False,,1920,1080,29.97,10.01,3408601.0,h264,300
data/raw/DFDC/bddjdhzfze.mp4,bddjdhzfze.mp4,real,0.9997934699058533,fake,False,,1920,1080,29.97,10.01,3441953.0,h264,300
data/raw/DFDC/bdnaqemxmr.mp4,bdnaqemxmr.mp4,real,0.0018258023774251342,real,True,,1920,1080,29.97,10.01,6790604.0,h264,300
data/raw/DFDC/beboztfcme.mp4,beboztfcme.mp4,real,0.006019528955221176,real,True,,1080,1920,29.75,10.02,3715322.0,h264,298
data/raw/DFDC/bejhvclboh.mp4,bejhvclboh.mp4,real,0.7520735859870911,real,True,,1920,1080,29.97,10.01,2413163.0,h264,300
data/raw/DFDC/beyebyhrph.mp4,beyebyhrph.mp4,real,0.0007069194107316434,real,True,,1920,1080,29.97,10.01,6536804.0,h264,300
data/raw/DFDC/bffwsjxghk.mp4,bffwsjxghk.mp4,real,0.03063187189400196,real,True,,1920,1080,29.97,10.01,3550147.0,h264,300
data/raw/DFDC/bgvhtpzknn.mp4,bgvhtpzknn.mp4,real,0.035147666931152344,real,True,,1920,1080,29.97,10.01,4011016.0,h264,300
data/raw/DFDC/bgwmmujlmc.mp4,bgwmmujlmc.mp4,real,0.009638525545597076,real,True,,1920,1080,29.97,10.01,3772549.0,h264,300
data/raw/DFDC/bilnggbxgu.mp4,bilnggbxgu.mp4,real,0.002596488455310464,real,True,,1920,1080,29.97,10.01,3557353.0,h264,300
data/raw/DFDC/bmjzrlszhi.mp4,bmjzrlszhi.mp4,real,0.007391051389276981,real,True,,1920,1080,29.97,10.01,3999179.0,h264,300
data/raw/DFDC/bpapbctoao.mp4,bpapbctoao.mp4,real,0.0015498381108045578,real,True,,1920,1080,29.97,10.01,2522779.0,h264,300
data/raw/DFDC/brwrlczjvi.mp4,brwrlczjvi.mp4,real,0.002558696549385786,real,True,,1920,1080,29.97,10.01,3350602.0,h264,300
data/raw/DFDC/bulkxhhknf.mp4,bulkxhhknf.mp4,real,0.0004573394835460931,real,True,,1920,1080,29.97,10.01,9028399.0,h264,300
data/raw/DFDC/bwhlgysghg.mp4,bwhlgysghg.mp4,real,0.7033460140228271,real,True,,1920,1080,29.97,10.01,3345162.0,h264,300
data/raw/DFDC/bwipwzzxxu.mp4,bwipwzzxxu.mp4,real,0.0017569445772096515,real,True,,1920,1080,29.97,10.01,3248254.0,h264,300
data/raw/DFDC/bxzakyopjf.mp4,bxzakyopjf.mp4,real,0.0010344681795686483,real,True,,1920,1080,29.97,10.01,6622902.0,h264,300
data/raw/DFDC/bzythlfnhq.mp4,bzythlfnhq.mp4,real,0.2515847086906433,real,True,,1920,1080,29.97,10.01,2712141.0,h264,300
data/raw/DFDC/caifxvsozs.mp4,caifxvsozs.mp4,real,0.002891726326197386,real,True,,1920,1080,29.97,10.01,2767883.0,h264,300
data/raw/DFDC/ccfoszqabv.mp4,ccfoszqabv.mp4,real,0.0020649561192840338,real,True,,1920,1080,29.97,10.01,2503103.0,h264,300
data/raw/DFDC/cfxkpiweqt.mp4,cfxkpiweqt.mp4,real,0.002814569976180792,real,True,,1920,1080,29.97,10.01,4156113.0,h264,300
data/raw/DFDC/chtapglbcj.mp4,chtapglbcj.mp4,real,0.0013469619443640113,real,True,,1920,1080,29.97,10.01,8346356.0,h264,300
data/raw/DFDC/chviwxsfhg.mp4,chviwxsfhg.mp4,real,0.0004214852524455637,real,True,,1920,1080,29.97,10.01,5272778.0,h264,300
data/raw/DFDC/ciyoudyhly.mp4,ciyoudyhly.mp4,real,0.002019643085077405,real,True,,1920,1080,29.97,10.01,3491043.0,h264,300
data/raw/DFDC/cizlkenljw.mp4,cizlkenljw.mp4,real,0.9811884760856628,fake,False,,1920,1080,29.97,10.01,2457738.0,h264,300
data/raw/DFDC/ckjaibzfxa.mp4,ckjaibzfxa.mp4,real,0.9994811415672302,fake,False,,1920,1080,29.97,10.01,2329593.0,h264,300
data/raw/DFDC/ckkuyewywx.mp4,ckkuyewywx.mp4,real,0.06013340502977371,real,True,,1920,1080,29.97,10.01,3062985.0,h264,300
data/raw/DFDC/clrycekyst.mp4,clrycekyst.mp4,real,0.02636590600013733,real,True,,1920,1080,29.97,10.01,2771602.0,h264,300
data/raw/DFDC/cmbzllswnl.mp4,cmbzllswnl.mp4,real,0.0035124928690493107,real,True,,1920,1080,29.97,10.01,3554140.0,h264,300
data/raw/DFDC/cobjrlugvp.mp4,cobjrlugvp.mp4,real,0.0008610400836914778,real,True,,1920,1080,29.97,10.01,3099486.0,h264,300
data/raw/DFDC/cpjxareypw.mp4,cpjxareypw.mp4,real,0.9242828488349915,real,True,,1920,1080,29.97,10.01,3135622.0,h264,300
data/raw/DFDC/cppdvdejkc.mp4,cppdvdejkc.mp4,real,0.016785914078354836,real,True,,1080,1920,29.75,10.02,3327223.0,h264,298
data/raw/DFDC/cprhtltsjp.mp4,cprhtltsjp.mp4,real,0.010135883465409279,real,True,,1920,1080,29.97,10.01,4393489.0,h264,300
data/raw/DFDC/crezycjqyk.mp4,crezycjqyk.mp4,real,0.07158571481704712,real,True,,1920,1080,29.97,10.01,2755588.0,h264,300
data/raw/DFDC/cyxlcuyznd.mp4,cyxlcuyznd.mp4,real,0.003960648085922003,real,True,,1920,1080,29.97,10.01,2585232.0,h264,300
data/raw/DFDC/dakiztgtnw.mp4,dakiztgtnw.mp4,real,0.011437106877565384,real,True,,1920,1080,29.97,10.01,2707940.0,h264,300
data/raw/DFDC/dbnygxtwek.mp4,dbnygxtwek.mp4,real,0.02646816335618496,real,True,,1920,1080,29.97,10.01,2473638.0,h264,300
data/raw/DFDC/dbtbbhakdv.mp4,dbtbbhakdv.mp4,real,0.0010714239906519651,real,True,,1920,1080,29.97,10.01,2405728.0,h264,300
data/raw/DFDC/ddepeddixj.mp4,ddepeddixj.mp4,real,0.00176051736343652,real,True,,1080,1920,29.75,10.02,3491249.0,h264,298
data/raw/DFDC/dhcndnuwta.mp4,dhcndnuwta.mp4,real,0.0003358233079779893,real,True,,1920,1080,29.97,10.01,5802144.0,h264,300
data/raw/DFDC/dhxctgyoqj.mp4,dhxctgyoqj.mp4,real,0.008304351009428501,real,True,,1920,1080,29.97,10.01,3618626.0,h264,300
data/raw/DFDC/djxdyjopjd.mp4,djxdyjopjd.mp4,real,0.9999943971633911,fake,False,,1920,1080,29.97,10.01,3609738.0,h264,300
data/raw/DFDC/dkuayagnmc.mp4,dkuayagnmc.mp4,real,0.0010614348575472832,real,True,,1920,1080,29.97,10.01,8589777.0,h264,300
data/raw/DFDC/dkzvdrzcnr.mp4,dkzvdrzcnr.mp4,real,0.02562171034514904,real,True,,1920,1080,29.97,10.01,4784180.0,h264,300
data/raw/DFDC/dlpoieqvfb.mp4,dlpoieqvfb.mp4,real,0.950184166431427,fake,False,,1920,1080,29.97,10.01,2580266.0,h264,300
data/raw/DFDC/drcyabprvt.mp4,drcyabprvt.mp4,real,0.0015812140190973878,real,True,,1920,1080,29.97,10.01,5193531.0,h264,300
data/raw/DFDC/dsjbknkujw.mp4,dsjbknkujw.mp4,real,0.9994956254959106,fake,False,,1920,1080,29.97,10.01,6359737.0,h264,300
data/raw/DFDC/duycddgtrl.mp4,duycddgtrl.mp4,real,0.0008837066125124693,real,True,,1920,1080,29.97,10.01,4122793.0,h264,300
data/raw/DFDC/dxbqjxrhin.mp4,dxbqjxrhin.mp4,real,0.001116416184231639,real,True,,1920,1080,29.97,10.01,5738874.0,h264,300
data/raw/DFDC/dzyuwjkjui.mp4,dzyuwjkjui.mp4,real,0.9993513226509094,fake,False,,1920,1080,29.97,10.01,2333600.0,h264,300
data/raw/DFDC/eckvhdusax.mp4,eckvhdusax.mp4,real,0.022907791659235954,real,True,,1920,1080,29.97,10.01,2636325.0,h264,300
data/raw/DFDC/ecujsjhscd.mp4,ecujsjhscd.mp4,real,0.017508909106254578,real,True,,1920,1080,29.97,10.01,2516775.0,h264,300
data/raw/DFDC/edyncaijwx.mp4,edyncaijwx.mp4,real,0.0003679670044220984,real,True,,1920,1080,29.97,10.01,4397271.0,h264,300
data/raw/DFDC/efwfxwwlbw.mp4,efwfxwwlbw.mp4,real,0.0012124613858759403,real,True,,1920,1080,29.97,10.01,2638561.0,h264,300
data/raw/DFDC/eggbjzxnmg.mp4,eggbjzxnmg.mp4,real,0.002327784663066268,real,True,,1920,1080,29.97,10.01,5612246.0,h264,300
data/raw/DFDC/egghxjjmfg.mp4,egghxjjmfg.mp4,real,0.0006595351151190698,real,True,,1920,1080,29.97,10.01,6143573.0,h264,300
data/raw/DFDC/ehccixxzoe.mp4,ehccixxzoe.mp4,real,0.09892598539590836,real,True,,1920,1080,29.97,10.01,3733275.0,h264,300
data/raw/DFDC/ehtdtkmmli.mp4,ehtdtkmmli.mp4,real,0.08075495064258575,real,True,,1920,1080,29.97,10.01,4092361.0,h264,300
data/raw/DFDC/ekcrtigpab.mp4,ekcrtigpab.mp4,real,0.0019771624356508255,real,True,,1920,1080,29.97,10.01,3870153.0,h264,300
data/raw/DFDC/ellavthztb.mp4,ellavthztb.mp4,real,0.017985504120588303,real,True,,1920,1080,29.97,10.01,3124917.0,h264,300
data/raw/DFDC/eqnoqyfquo.mp4,eqnoqyfquo.mp4,real,0.012668879702687263,real,True,,1920,1080,29.97,10.01,2817872.0,h264,300
data/raw/DFDC/erlvuvjsjf.mp4,erlvuvjsjf.mp4,real,0.0004241699061822146,real,True,,1920,1080,29.97,10.01,3864008.0,h264,300
data/raw/DFDC/eudeqjhdfd.mp4,eudeqjhdfd.mp4,real,0.0007277344120666385,real,True,,1920,1080,29.97,10.01,5651024.0,h264,300
data/raw/DFDC/aagfhgtpmv.mp4,aagfhgtpmv.mp4,fake,0.0014862359967082739,real,False,vudstovrck.mp4,1920,1080,29.97,10.01,8650134.0,h264,300
data/raw/DFDC/aapnvogymq.mp4,aapnvogymq.mp4,fake,0.3096921741962433,real,False,jdubbvfswz.mp4,1920,1080,29.97,10.01,3494923.0,h264,300
data/raw/DFDC/abofeumbvv.mp4,abofeumbvv.mp4,fake,0.9974543452262878,fake,True,atvmxvwyns.mp4,1920,1080,29.97,10.01,2156072.0,h264,300
data/raw/DFDC/abqwwspghj.mp4,abqwwspghj.mp4,fake,0.0017398353666067123,real,False,qzimuostzz.mp4,1920,1080,29.97,10.01,2728571.0,h264,300
data/raw/DFDC/acifjvzvpm.mp4,acifjvzvpm.mp4,fake,0.703639805316925,real,False,kbvibjhfzo.mp4,1920,1080,29.97,10.01,3395372.0,h264,300
data/raw/DFDC/acqfdwsrhi.mp4,acqfdwsrhi.mp4,fake,0.004145971965044737,real,False,ccfoszqabv.mp4,1920,1080,29.97,10.01,2534423.0,h264,300
data/raw/DFDC/acxnxvbsxk.mp4,acxnxvbsxk.mp4,fake,0.09137796610593796,real,False,fjlyaizcwc.mp4,1920,1080,29.97,10.01,2966969.0,h264,300
data/raw/DFDC/acxwigylke.mp4,acxwigylke.mp4,fake,0.10185610502958298,real,False,ffcwhpnpuw.mp4,1080,1920,29.75,10.02,3468562.0,h264,298
data/raw/DFDC/aczrgyricp.mp4,aczrgyricp.mp4,fake,0.004736993927508593,real,False,slwkmefgde.mp4,1920,1080,29.97,10.01,3804393.0,h264,300
data/raw/DFDC/adhsbajydo.mp4,adhsbajydo.mp4,fake,0.9960927367210388,fake,True,fysyrqfguw.mp4,1920,1080,29.97,10.01,2120665.0,h264,300
data/raw/DFDC/adohikbdaz.mp4,adohikbdaz.mp4,fake,0.003587048500776291,real,False,qjlhemtkxk.mp4,1920,1080,29.97,10.01,6831333.0,h264,300
data/raw/DFDC/adylbeequz.mp4,adylbeequz.mp4,fake,0.9979346990585327,fake,True,dlpoieqvfb.mp4,1920,1080,29.97,10.01,2667206.0,h264,300
data/raw/DFDC/aelzhcnwgf.mp4,aelzhcnwgf.mp4,fake,0.0015392693458124995,real,False,qzimuostzz.mp4,1920,1080,29.97,10.01,2765304.0,h264,300
data/raw/DFDC/aettqgevhz.mp4,aettqgevhz.mp4,fake,0.05205359682440758,real,False,proiippuup.mp4,1920,1080,29.97,10.01,4131198.0,h264,300
data/raw/DFDC/aevrfsexku.mp4,aevrfsexku.mp4,fake,0.9582902193069458,fake,True,gxembgiarp.mp4,1920,1080,29.97,10.01,2829315.0,h264,300
data/raw/DFDC/agdkmztvby.mp4,agdkmztvby.mp4,fake,0.9999927282333374,fake,True,iufotyxgzb.mp4,1920,1080,29.97,10.01,4229220.0,h264,300
data/raw/DFDC/agqphdxmwt.mp4,agqphdxmwt.mp4,fake,0.9999967813491821,fake,True,aytzyidmgs.mp4,1920,1080,29.97,10.01,3446357.0,h264,300
data/raw/DFDC/ahbweevwpv.mp4,ahbweevwpv.mp4,fake,0.0009565235814079642,real,False,dkuayagnmc.mp4,1920,1080,29.97,10.01,8474604.0,h264,300
data/raw/DFDC/ahdbuwqxit.mp4,ahdbuwqxit.mp4,fake,0.003761697094887495,real,False,jomvcqqars.mp4,1920,1080,29.97,10.01,2688004.0,h264,300
data/raw/DFDC/ahfazfbntc.mp4,ahfazfbntc.mp4,fake,0.0034325732849538326,real,False,sunqwnmlkx.mp4,1920,1080,29.97,10.01,3877733.0,h264,300
data/raw/DFDC/aipfdnwpoo.mp4,aipfdnwpoo.mp4,fake,0.43093612790107727,real,False,ygdgwyqyut.mp4,1920,1080,29.97,10.01,3870265.0,h264,300
data/raw/DFDC/ajwpjhrbcv.mp4,ajwpjhrbcv.mp4,fake,0.12712495028972626,real,False,bzythlfnhq.mp4,1920,1080,29.97,10.01,2714219.0,h264,300
data/raw/DFDC/aklqzsddfl.mp4,aklqzsddfl.mp4,fake,0.9999395608901978,fake,True,lyvlnqduqg.mp4,1920,1080,29.97,10.01,2631201.0,h264,300
data/raw/DFDC/aknbdpmgua.mp4,aknbdpmgua.mp4,fake,0.7979365587234497,real,False,yxyhvdlrgk.mp4,1920,1080,29.97,10.01,3980406.0,h264,300
data/raw/DFDC/aknmpoonls.mp4,aknmpoonls.mp4,fake,0.2233242392539978,real,False,swedbyuehz.mp4,1920,1080,29.97,10.01,3232222.0,h264,300
data/raw/DFDC/akvmwkdyuv.mp4,akvmwkdyuv.mp4,fake,0.013949673622846603,real,False,xlbnmndmku.mp4,1920,1080,29.97,10.01,2423710.0,h264,300
data/raw/DFDC/akxoopqjqz.mp4,akxoopqjqz.mp4,fake,0.968719482421875,fake,True,meawmsgiti.mp4,1920,1080,29.97,10.01,4120719.0,h264,300
data/raw/DFDC/akzbnazxtz.mp4,akzbnazxtz.mp4,fake,0.032665759325027466,real,False,ppdpgwyjgm.mp4,1920,1080,29.97,10.01,3133797.0,h264,300
data/raw/DFDC/aladcziidp.mp4,aladcziidp.mp4,fake,0.015001806430518627,real,False,fewcljwqkr.mp4,1080,1920,29.75,10.02,3771625.0,h264,298
data/raw/DFDC/alaijyygdv.mp4,alaijyygdv.mp4,fake,0.007742008194327354,real,False,cppdvdejkc.mp4,1080,1920,29.75,10.02,3415604.0,h264,298
data/raw/DFDC/alninxcyhg.mp4,alninxcyhg.mp4,fake,0.010344927199184895,real,False,tqhbgzfwsf.mp4,1080,1920,29.97,10.01,2415875.0,h264,300
data/raw/DFDC/altziddtxi.mp4,altziddtxi.mp4,fake,0.5069332718849182,real,False,meawmsgiti.mp4,1920,1080,29.97,10.01,4127422.0,h264,300
data/raw/DFDC/alvgwypubw.mp4,alvgwypubw.mp4,fake,0.06029215827584267,real,False,vcxckqbaya.mp4,1080,1920,29.97,10.01,2794201.0,h264,300
data/raw/DFDC/amaivqofda.mp4,amaivqofda.mp4,fake,0.9999148845672607,fake,True,xobhsemxmv.mp4,1920,1080,29.97,10.01,2645245.0,h264,300
data/raw/DFDC/amowujxmzc.mp4,amowujxmzc.mp4,fake,0.007970904000103474,real,False,xwcggrygwl.mp4,1920,1080,29.97,10.01,2617840.0,h264,300
data/raw/DFDC/andaxzscny.mp4,andaxzscny.mp4,fake,0.9995599389076233,fake,True,fysyrqfguw.mp4,1920,1080,29.97,10.01,2149485.0,h264,300
data/raw/DFDC/aneclqfpbt.mp4,aneclqfpbt.mp4,fake,0.007583188358694315,real,False,xxsxktyvzt.mp4,1920,1080,29.97,10.01,3985149.0,h264,300
data/raw/DFDC/aorjvbyxhw.mp4,aorjvbyxhw.mp4,fake,0.9989163875579834,fake,True,bulkxhhknf.mp4,1920,1080,29.97,10.01,8979835.0,h264,300
data/raw/DFDC/apatcsqejh.mp4,apatcsqejh.mp4,fake,0.00043773435754701495,real,False,edyncaijwx.mp4,1920,1080,29.97,10.01,4345634.0,h264,300
data/raw/DFDC/apgjqzkoma.mp4,apgjqzkoma.mp4,fake,0.0032723182812333107,real,False,jkddywriuf.mp4,1920,1080,29.97,10.01,2673075.0,h264,300
data/raw/DFDC/apogckdfrz.mp4,apogckdfrz.mp4,fake,0.7080460786819458,real,False,uonshkejav.mp4,1080,1920,29.97,10.01,3926326.0,h264,300
data/raw/DFDC/aqpnvjhuzw.mp4,aqpnvjhuzw.mp4,fake,0.0042259530164301395,real,False,xngpzquyhs.mp4,1920,1080,29.97,10.01,2726017.0,h264,300
data/raw/DFDC/arkroixhey.mp4,arkroixhey.mp4,fake,0.005515160504728556,real,False,fjlyaizcwc.mp4,1920,1080,29.97,10.01,3038655.0,h264,300
data/raw/DFDC/arlmiizoob.mp4,arlmiizoob.mp4,fake,0.5755133628845215,real,False,meawmsgiti.mp4,1920,1080,29.97,10.01,4133436.0,h264,300
data/raw/DFDC/arrhsnjqku.mp4,arrhsnjqku.mp4,fake,0.20762857794761658,real,False,inkqxytzyu.mp4,1920,1080,29.97,10.01,2766987.0,h264,300
data/raw/DFDC/asdpeebotb.mp4,asdpeebotb.mp4,fake,0.9999234676361084,fake,True,znjupdqnwo.mp4,1920,1080,29.97,10.01,2657909.0,h264,300
data/raw/DFDC/aslsvlvpth.mp4,aslsvlvpth.mp4,fake,0.9998834133148193,fake,True,jepguaulgf.mp4,1920,1080,29.97,10.01,3392277.0,h264,300
data/raw/DFDC/asmpfjfzif.mp4,asmpfjfzif.mp4,fake,0.9974821209907532,fake,True,dzyuwjkjui.mp4,1920,1080,29.97,10.01,2401159.0,h264,300
data/raw/DFDC/asvcrfdpnq.mp4,asvcrfdpnq.mp4,fake,0.0007788734510540962,real,False,upgerjvcjb.mp4,1920,1080,29.97,10.01,9100671.0,h264,300
data/raw/DFDC/atxvxouljq.mp4,atxvxouljq.mp4,fake,0.0006477574352174997,real,False,wwqiuiwdbz.mp4,1920,1080,29.97,10.01,10509795.0,h264,300
data/raw/DFDC/atyntldecu.mp4,atyntldecu.mp4,fake,0.022732719779014587,real,False,mfzqxktxud.mp4,1920,1080,29.97,10.01,4358014.0,h264,300
data/raw/DFDC/atzdznmder.mp4,atzdznmder.mp4,fake,0.002794073661789298,real,False,qedsgieuqn.mp4,1920,1080,29.97,10.01,3935762.0,h264,300
data/raw/DFDC/aufmsmnoye.mp4,aufmsmnoye.mp4,fake,0.020552489906549454,real,False,ppdpgwyjgm.mp4,1920,1080,29.97,10.01,3138945.0,h264,300
data/raw/DFDC/augtsuxpzc.mp4,augtsuxpzc.mp4,fake,0.9986363053321838,fake,True,ifbdbogiqn.mp4,1920,1080,29.97,10.01,7527605.0,h264,300
data/raw/DFDC/avfitoutyn.mp4,avfitoutyn.mp4,fake,0.9944804906845093,fake,True,mfzqxktxud.mp4,1920,1080,29.97,10.01,4389922.0,h264,300
data/raw/DFDC/avgiuextiz.mp4,avgiuextiz.mp4,fake,0.055196937173604965,real,False,hyhjfdxqxy.mp4,1920,1080,29.97,10.01,2759729.0,h264,300
data/raw/DFDC/avibnnhwhp.mp4,avibnnhwhp.mp4,fake,0.533141553401947,real,False,jdubbvfswz.mp4,1920,1080,29.97,10.01,3494144.0,h264,300
data/raw/DFDC/avnqydkqjj.mp4,avnqydkqjj.mp4,fake,0.01794806309044361,real,False,efwfxwwlbw.mp4,1920,1080,29.97,10.01,2673991.0,h264,300
data/raw/DFDC/avssvvsdhz.mp4,avssvvsdhz.mp4,fake,0.0017624140018597245,real,False,gktjowiuqe.mp4,1920,1080,29.97,10.01,3915542.0,h264,300
data/raw/DFDC/avtycwsgyb.mp4,avtycwsgyb.mp4,fake,0.9999915361404419,fake,True,qzklcjjxdq.mp4,1920,1080,29.97,10.01,2651379.0,h264,300
data/raw/DFDC/avvdgsennp.mp4,avvdgsennp.mp4,fake,0.9993621706962585,fake,True,gbqrgajyca.mp4,1920,1080,29.97,10.01,2211862.0,h264,300
data/raw/DFDC/avywawptfc.mp4,avywawptfc.mp4,fake,0.002811176935210824,real,False,rrcsuwgpnd.mp4,1920,1080,29.97,10.01,3015124.0,h264,300
data/raw/DFDC/awhmfnnjih.mp4,awhmfnnjih.mp4,fake,0.024899382144212723,real,False,xclqbefnvc.mp4,1920,1080,29.97,10.01,2941904.0,h264,300
data/raw/DFDC/awnwkrqibf.mp4,awnwkrqibf.mp4,fake,0.029999269172549248,real,False,cprhtltsjp.mp4,1920,1080,29.97,10.01,4420721.0,h264,300
data/raw/DFDC/awukslzjra.mp4,awukslzjra.mp4,fake,0.15572147071361542,real,False,ujzwwfkeia.mp4,1920,1080,29.97,10.01,3929701.0,h264,300
data/raw/DFDC/axczxisdtb.mp4,axczxisdtb.mp4,fake,0.9859002232551575,fake,True,meawmsgiti.mp4,1920,1080,29.97,10.01,4137636.0,h264,300
data/raw/DFDC/axoygtekut.mp4,axoygtekut.mp4,fake,0.3489863872528076,real,False,topyiohccg.mp4,1080,1920,29.75,10.02,3572922.0,h264,298
data/raw/DFDC/axwgcsyphv.mp4,axwgcsyphv.mp4,fake,0.9971235394477844,fake,True,mfnowqfdwl.mp4,1920,1080,29.97,10.01,2213008.0,h264,300
data/raw/DFDC/axwovszumc.mp4,axwovszumc.mp4,fake,0.0010496681788936257,real,False,rvoudrbyac.mp4,1920,1080,29.97,10.01,3463174.0,h264,300
data/raw/DFDC/ayqvfdhslr.mp4,ayqvfdhslr.mp4,fake,0.9998461008071899,fake,True,xxrzzncksa.mp4,1920,1080,29.97,10.01,2420394.0,h264,300
data/raw/DFDC/azpuxunqyo.mp4,azpuxunqyo.mp4,fake,0.05757381021976471,real,False,jjyfvzxwwx.mp4,1920,1080,29.97,10.01,2696882.0,h264,300
data/raw/DFDC/azsmewqghg.mp4,azsmewqghg.mp4,fake,0.9999955892562866,fake,True,djxdyjopjd.mp4,1920,1080,29.97,10.01,3641134.0,h264,300
data/raw/DFDC/bahdpoesir.mp4,bahdpoesir.mp4,fake,0.0008971517090685666,real,False,xnhcreiyqg.mp4,1920,1080,29.97,10.01,9081735.0,h264,300
data/raw/DFDC/bbhpvrmbse.mp4,bbhpvrmbse.mp4,fake,0.06100034341216087,real,False,imzqmbfugn.mp4,1920,1080,29.97,10.01,2843185.0,h264,300
data/raw/DFDC/bbhtdfuqxq.mp4,bbhtdfuqxq.mp4,fake,0.9952906370162964,fake,True,cpjxareypw.mp4,1920,1080,29.97,10.01,3143912.0,h264,300
data/raw/DFDC/bbvgxeczei.mp4,bbvgxeczei.mp4,fake,0.9995887875556946,fake,True,fysyrqfguw.mp4,1920,1080,29.97,10.01,2151475.0,h264,300
data/raw/DFDC/bchnbulevv.mp4,bchnbulevv.mp4,fake,0.045819710940122604,real,False,iyefnuagav.mp4,1920,1080,29.97,10.01,2632787.0,h264,300
data/raw/DFDC/bctvsmddgq.mp4,bctvsmddgq.mp4,fake,0.18881040811538696,real,False,ybjrqnqnno.mp4,1920,1080,29.97,10.01,4000183.0,h264,300
data/raw/DFDC/bdbhekrrwo.mp4,bdbhekrrwo.mp4,fake,0.9999886751174927,fake,True,qtnjyomzwo.mp4,1920,1080,29.97,10.01,4237516.0,h264,300
data/raw/DFDC/bdgipnyobr.mp4,bdgipnyobr.mp4,fake,0.0013869373360648751,real,False,keecvpbncd.mp4,1920,1080,29.97,10.01,4206808.0,h264,300
data/raw/DFDC/bdxuhamuqx.mp4,bdxuhamuqx.mp4,fake,0.005124466028064489,real,False,fecysfujzk.mp4,1920,1080,29.97,10.01,4238653.0,h264,300
data/raw/DFDC/benmsfzfaz.mp4,benmsfzfaz.mp4,fake,0.9957684278488159,fake,True,kysxawkest.mp4,1920,1080,29.97,10.01,4608144.0,h264,300
data/raw/DFDC/bgaogsjehq.mp4,bgaogsjehq.mp4,fake,0.9985463619232178,fake,True,xzvrgckqkz.mp4,1920,1080,29.97,10.01,2487206.0,h264,300
data/raw/DFDC/bggsurpgpr.mp4,bggsurpgpr.mp4,fake,0.9968835711479187,fake,True,gxembgiarp.mp4,1920,1080,29.97,10.01,2762902.0,h264,300
data/raw/DFDC/bghphrsfxf.mp4,bghphrsfxf.mp4,fake,0.001494615338742733,real,False,sgjnvxvcpu.mp4,1920,1080,29.97,10.01,2850256.0,h264,300
data/raw/DFDC/bgmlwsoamc.mp4,bgmlwsoamc.mp4,fake,0.06109778955578804,real,False,woshnzbxmc.mp4,1920,1080,29.97,10.01,3301056.0,h264,300
data/raw/DFDC/bguwlyazau.mp4,bguwlyazau.mp4,fake,0.9989198446273804,fake,True,znpdbbsfvj.mp4,1920,1080,29.97,10.01,5665470.0,h264,300
data/raw/DFDC/bhaaboftbc.mp4,bhaaboftbc.mp4,fake,0.06586837023496628,real,False,rlvgtsjyer.mp4,1920,1080,29.97,10.01,3522151.0,h264,300
data/raw/DFDC/bhbdugnurr.mp4,bhbdugnurr.mp4,fake,0.43033042550086975,real,False,vcxckqbaya.mp4,1080,1920,29.97,10.01,2802314.0,h264,300
data/raw/DFDC/bhpwpydzpo.mp4,bhpwpydzpo.mp4,fake,0.01199764758348465,real,False,yfsnwkbafm.mp4,1920,1080,29.97,10.01,3248610.0,h264,300
data/raw/DFDC/bhsluedavd.mp4,bhsluedavd.mp4,fake,0.9985199570655823,fake,True,kydlpqfrvv.mp4,1920,1080,29.97,10.01,2691220.0,h264,300
data/raw/DFDC/bjjbwsqjir.mp4,bjjbwsqjir.mp4,fake,0.9999489784240723,fake,True,tdohqkzvbk.mp4,1920,1080,29.97,10.01,2563530.0,h264,300
data/raw/DFDC/bjkmjilrxp.mp4,bjkmjilrxp.mp4,fake,0.03432079404592514,real,False,yfsnwkbafm.mp4,1920,1080,29.97,10.01,3249643.0,h264,300
data/raw/DFDC/bjsmaqefoi.mp4,bjsmaqefoi.mp4,fake,0.10366266220808029,real,False,mfpgdgsaxg.mp4,1920,1080,29.97,10.01,2660594.0,h264,300
data/raw/DFDC/bkmdzhfzfh.mp4,bkmdzhfzfh.mp4,fake,0.07536792755126953,real,False,hyuipchisa.mp4,1920,1080,29.97,10.01,4294892.0,h264,300
data/raw/DFDC/bkvetcojbt.mp4,bkvetcojbt.mp4,fake,0.059249721467494965,real,False,ybjrqnqnno.mp4,1920,1080,29.97,10.01,3995518.0,h264,300
data/raw/DFDC/bkwxhglwct.mp4,bkwxhglwct.mp4,fake,0.9997690320014954,fake,True,gjypopglvi.mp4,1920,1080,29.97,10.01,2408942.0,h264,300
data/raw/DFDC/blpchvmhxx.mp4,blpchvmhxx.mp4,fake,0.09088412672281265,real,False,xqnykluhws.mp4,1920,1080,29.97,10.01,3315888.0,h264,300
data/raw/DFDC/blzydqdfem.mp4,blzydqdfem.mp4,fake,0.002231500344350934,real,False,dbtbbhakdv.mp4,1920,1080,29.97,10.01,2438731.0,h264,300
data/raw/DFDC/bmbbkwmxqj.mp4,bmbbkwmxqj.mp4,fake,0.0009040151489898562,real,False,rrcsuwgpnd.mp4,1920,1080,29.97,10.01,3067407.0,h264,300
data/raw/DFDC/bmehkyanbj.mp4,bmehkyanbj.mp4,fake,0.004641925450414419,real,False,ptokilxwcx.mp4,1920,1080,29.97,10.01,4009413.0,h264,300
data/raw/DFDC/bmhvktyiwp.mp4,bmhvktyiwp.mp4,fake,0.532945990562439,real,False,gneufaypol.mp4,1080,1920,29.97,10.01,2503718.0,h264,300
data/raw/DFDC/bmioepcpsx.mp4,bmioepcpsx.mp4,fake,0.25046923756599426,real,False,vmospzljws.mp4,1920,1080,29.97,10.01,3897284.0,h264,300
data/raw/DFDC/bmjmjmbglm.mp4,bmjmjmbglm.mp4,fake,0.00461442768573761,real,False,mmhqllmlew.mp4,1920,1080,29.97,10.01,3231693.0,h264,300
data/raw/DFDC/bnbuonyoje.mp4,bnbuonyoje.mp4,fake,0.15536978840827942,real,False,fntskqfxxf.mp4,1920,1080,29.97,10.01,3557116.0,h264,300
data/raw/DFDC/bndybcqhfr.mp4,bndybcqhfr.mp4,fake,0.017372937873005867,real,False,xnfwdpptym.mp4,1920,1080,29.97,10.01,3174704.0,h264,300
data/raw/DFDC/bnjcdrfuov.mp4,bnjcdrfuov.mp4,fake,0.013086029328405857,real,False,ellavthztb.mp4,1920,1080,29.97,10.01,3238257.0,h264,300
data/raw/DFDC/bntlodcfeg.mp4,bntlodcfeg.mp4,fake,0.003751961514353752,real,False,ytufbmkdlq.mp4,1920,1080,29.97,10.01,4209863.0,h264,300
data/raw/DFDC/bofqajtwve.mp4,bofqajtwve.mp4,fake,0.0008859052904881537,real,False,dbtbbhakdv.mp4,1920,1080,29.97,10.01,2442668.0,h264,300
data/raw/DFDC/boovltmuwi.mp4,boovltmuwi.mp4,fake,0.020156254991889,real,False,sfujxhuyje.mp4,1920,1080,29.97,10.01,3475564.0,h264,300
data/raw/DFDC/bopqhhalml.mp4,bopqhhalml.mp4,fake,0.02260472998023033,real,False,oesxbvktem.mp4,1080,1920,29.97,10.01,3638917.0,h264,300
data/raw/DFDC/bourlmzsio.mp4,bourlmzsio.mp4,fake,0.0010942906374111772,real,False,bxzakyopjf.mp4,1920,1080,29.97,10.01,6591760.0,h264,300
data/raw/DFDC/bpwzipqtxf.mp4,bpwzipqtxf.mp4,fake,0.9986912608146667,fake,True,lmlyvmfbbe.mp4,1920,1080,29.97,10.01,3757087.0,h264,300
data/raw/DFDC/bpxckdzddv.mp4,bpxckdzddv.mp4,fake,0.6137385368347168,real,False,cizlkenljw.mp4,1920,1080,29.97,10.01,2553503.0,h264,300
data/raw/DFDC/bqdjzqhcft.mp4,bqdjzqhcft.mp4,fake,0.0034441982861608267,real,False,ytufbmkdlq.mp4,1920,1080,29.97,10.01,4151708.0,h264,300
data/raw/DFDC/bqeiblbxtl.mp4,bqeiblbxtl.mp4,fake,0.011631880886852741,real,False,iklzfeueid.mp4,1920,1080,29.97,10.01,2758637.0,h264,300
data/raw/DFDC/bqhtpqmmqp.mp4,bqhtpqmmqp.mp4,fake,0.9290992021560669,real,False,meawmsgiti.mp4,1920,1080,29.97,10.01,4136218.0,h264,300
data/raw/DFDC/bqkdbcqjvb.mp4,bqkdbcqjvb.mp4,fake,0.9990406632423401,fake,True,atvmxvwyns.mp4,1920,1080,29.97,10.01,2156678.0,h264,300
data/raw/DFDC/bqnymlsayl.mp4,bqnymlsayl.mp4,fake,0.10366521030664444,real,False,xagsvjctmp.mp4,1920,1080,29.97,10.01,3573301.0,h264,300
data/raw/DFDC/bqqpbzjgup.mp4,bqqpbzjgup.mp4,fake,0.9999972581863403,fake,True,djxdyjopjd.mp4,1920,1080,29.97,10.01,3638067.0,h264,300
data/raw/DFDC/bqtuuwzdtr.mp4,bqtuuwzdtr.mp4,fake,0.0029653541278094053,real,False,yagllixjvh.mp4,1920,1080,29.97,10.01,4042915.0,h264,300
data/raw/DFDC/brhalypwoo.mp4,brhalypwoo.mp4,fake,0.002514932304620743,real,False,uuxqylnzls.mp4,1920,1080,29.97,10.01,3784146.0,h264,300
data/raw/DFDC/brvqtabyxj.mp4,brvqtabyxj.mp4,fake,0.999901294708252,fake,True,ywvlvpvroj.mp4,1920,1080,29.97,10.01,4221129.0,h264,300
data/raw/DFDC/bseamdrpbj.mp4,bseamdrpbj.mp4,fake,0.005565513391047716,real,False,fdcttsvjwf.mp4,1920,1080,29.97,10.01,2770567.0,h264,300
data/raw/DFDC/bsfmwclnqy.mp4,bsfmwclnqy.mp4,fake,0.017312396317720413,real,False,ubplsigbvj.mp4,1920,1080,29.97,10.01,2768021.0,h264,300
data/raw/DFDC/bsqgziaylx.mp4,bsqgziaylx.mp4,fake,0.003577821422368288,real,False,brwrlczjvi.mp4,1920,1080,29.97,10.01,3357169.0,h264,300
data/raw/DFDC/btiysiskpf.mp4,btiysiskpf.mp4,fake,0.9557220935821533,fake,True,gxhcuxulhi.mp4,1920,1080,29.97,10.01,2682274.0,h264,300
data/raw/DFDC/btjlfpzbdu.mp4,btjlfpzbdu.mp4,fake,0.01690014824271202,real,False,drcyabprvt.mp4,1920,1080,29.97,10.01,5150513.0,h264,300
data/raw/DFDC/btjwbtsgln.mp4,btjwbtsgln.mp4,fake,0.001147042610682547,real,False,xwcggrygwl.mp4,1920,1080,29.97,10.01,2681862.0,h264,300
data/raw/DFDC/btmsngnqhv.mp4,btmsngnqhv.mp4,fake,0.046338774263858795,real,False,crezycjqyk.mp4,1920,1080,29.97,10.01,2811395.0,h264,300
data/raw/DFDC/btohlidmru.mp4,btohlidmru.mp4,fake,0.013300800696015358,real,False,cyxlcuyznd.mp4,1920,1080,29.97,10.01,2657810.0,h264,300
data/raw/DFDC/btugrnoton.mp4,btugrnoton.mp4,fake,0.9956117272377014,fake,True,kgbkktcjxf.mp4,1920,1080,29.97,10.01,3983825.0,h264,300
data/raw/DFDC/btunxncpjh.mp4,btunxncpjh.mp4,fake,0.40173155069351196,real,False,mgowkzsbyx.mp4,1920,1080,29.97,10.01,3256771.0,h264,300
data/raw/DFDC/btxlttbpkj.mp4,btxlttbpkj.mp4,fake,0.0009341335389763117,real,False,fhghkqdkhe.mp4,1920,1080,29.97,10.01,7088784.0,h264,300
data/raw/DFDC/bvgwelbeof.mp4,bvgwelbeof.mp4,fake,0.002983352169394493,real,False,mmhqllmlew.mp4,1920,1080,29.97,10.01,3245796.0,h264,300
data/raw/DFDC/bvzjkezkms.mp4,bvzjkezkms.mp4,fake,0.003171294229105115,real,False,ekcrtigpab.mp4,1920,1080,29.97,10.01,3962239.0,h264,300
data/raw/DFDC/bweezhfpzp.mp4,bweezhfpzp.mp4,fake,0.9999220371246338,fake,True,ywvlvpvroj.mp4,1920,1080,29.97,10.01,4221703.0,h264,300
data/raw/DFDC/bwuwstvsbw.mp4,bwuwstvsbw.mp4,fake,0.9980078339576721,fake,True,xzvrgckqkz.mp4,1920,1080,29.97,10.01,2535768.0,h264,300
data/raw/DFDC/bydaidkpdp.mp4,bydaidkpdp.mp4,fake,0.7511404156684875,real,False,gktjowiuqe.mp4,1920,1080,29.97,10.01,3880263.0,h264,300
data/raw/DFDC/byfenovjnf.mp4,byfenovjnf.mp4,fake,0.7477809190750122,real,False,gipbyjfxfp.mp4,1920,1080,29.97,10.01,2959166.0,h264,300
data/raw/DFDC/byijojkdba.mp4,byijojkdba.mp4,fake,0.04988507553935051,real,False,liniegczcx.mp4,1080,1920,29.75,10.02,3579380.0,h264,298
data/raw/DFDC/byofowlkki.mp4,byofowlkki.mp4,fake,0.0014582013245671988,real,False,ifjktxxiln.mp4,1920,1080,29.97,10.01,5611269.0,h264,300
data/raw/DFDC/byqzyxifza.mp4,byqzyxifza.mp4,fake,0.4083285331726074,real,False,kgbkktcjxf.mp4,1920,1080,29.97,10.01,4000274.0,h264,300
data/raw/DFDC/byunigvnay.mp4,byunigvnay.mp4,fake,0.9593068361282349,fake,True,nvpluswotp.mp4,1920,1080,29.97,10.01,3897936.0,h264,300
data/raw/DFDC/byyqectxqa.mp4,byyqectxqa.mp4,fake,0.0038291155360639095,real,False,fdcttsvjwf.mp4,1920,1080,29.97,10.01,2768435.0,h264,300
data/raw/DFDC/bzmdrafeex.mp4,bzmdrafeex.mp4,fake,0.02072821743786335,real,False,sqwvfgwdxr.mp4,1920,1080,29.97,10.01,3372581.0,h264,300
data/raw/DFDC/caqbrkogkb.mp4,caqbrkogkb.mp4,fake,0.8808180093765259,real,False,vgqotmftcr.mp4,1920,1080,29.97,10.01,3302538.0,h264,300
data/raw/DFDC/cbbibzcoih.mp4,cbbibzcoih.mp4,fake,0.000949045701418072,real,False,lietldeotq.mp4,1920,1080,29.97,10.01,5437741.0,h264,300
data/raw/DFDC/cbltdtxglo.mp4,cbltdtxglo.mp4,fake,0.9999558925628662,fake,True,svcnlasmeh.mp4,1920,1080,29.97,10.01,3361903.0,h264,300
data/raw/DFDC/ccmonzqfrz.mp4,ccmonzqfrz.mp4,fake,0.1239493116736412,real,False,gxhcuxulhi.mp4,1920,1080,29.97,10.01,2687502.0,h264,300
data/raw/DFDC/cdaxixbosp.mp4,cdaxixbosp.mp4,fake,0.028823429718613625,real,False,itzmdwutdu.mp4,1920,1080,29.97,10.01,2669407.0,h264,300
data/raw/DFDC/cdbsbdymzd.mp4,cdbsbdymzd.mp4,fake,0.398355096578598,real,False,xngpzquyhs.mp4,1920,1080,29.97,10.01,2731230.0,h264,300
data/raw/DFDC/cdphtzqrvp.mp4,cdphtzqrvp.mp4,fake,0.9859434366226196,fake,True,ehtdtkmmli.mp4,1920,1080,29.97,10.01,4131319.0,h264,300
data/raw/DFDC/cdyakrxkia.mp4,cdyakrxkia.mp4,fake,0.9993829727172852,fake,True,atvmxvwyns.mp4,1920,1080,29.97,10.01,2189062.0,h264,300
data/raw/DFDC/cepxysienc.mp4,cepxysienc.mp4,fake,0.0019686457235366106,real,False,euqpvnyxrb.mp4,1920,1080,29.97,10.01,7351015.0,h264,300
data/raw/DFDC/cettndmvzl.mp4,cettndmvzl.mp4,fake,0.025873782113194466,real,False,kysxawkest.mp4,1920,1080,29.97,10.01,4672286.0,h264,300
data/raw/DFDC/ceymbecxnj.mp4,ceymbecxnj.mp4,fake,0.9997678399085999,fake,True,gjypopglvi.mp4,1920,1080,29.97,10.01,2403784.0,h264,300
data/raw/DFDC/cferslmfwh.mp4,cferslmfwh.mp4,fake,0.00040070104296319187,real,False,fygviyzcjm.mp4,1920,1080,29.97,10.01,4597473.0,h264,300
data/raw/DFDC/cffffbcywc.mp4,cffffbcywc.mp4,fake,0.0032096027862280607,real,False,ztbinwxgyu.mp4,1920,1080,29.97,10.01,3715424.0,h264,300
data/raw/DFDC/cfyduhpbps.mp4,cfyduhpbps.mp4,fake,0.9992140531539917,fake,True,tfoxelmnjx.mp4,1920,1080,29.97,10.01,2942728.0,h264,300
data/raw/DFDC/cglxirfaey.mp4,cglxirfaey.mp4,fake,0.993363618850708,fake,True,qypgyrxcme.mp4,1920,1080,29.97,10.01,2761790.0,h264,300
data/raw/DFDC/cgvrgibpfo.mp4,cgvrgibpfo.mp4,fake,0.0035343810450285673,real,False,puppdcffcj.mp4,1920,1080,29.97,10.01,2678072.0,h264,300
data/raw/DFDC/chzieimrwu.mp4,chzieimrwu.mp4,fake,0.01995324157178402,real,False,topyiohccg.mp4,1080,1920,29.75,10.02,3560850.0,h264,298
data/raw/DFDC/ckbdwedgmc.mp4,ckbdwedgmc.mp4,fake,0.9990178346633911,fake,True,zrkinjhsuq.mp4,1920,1080,29.97,10.01,2807837.0,h264,300
data/raw/DFDC/cknyxaqouy.mp4,cknyxaqouy.mp4,fake,0.9064257740974426,real,False,bwipwzzxxu.mp4,1920,1080,29.97,10.01,3272948.0,h264,300
data/raw/DFDC/cksanfsjhc.mp4,cksanfsjhc.mp4,fake,0.0032120246905833483,real,False,atkdltyyen.mp4,1920,1080,29.97,10.01,4108799.0,h264,300
data/raw/DFDC/clihsshdkq.mp4,clihsshdkq.mp4,fake,0.006881581153720617,real,False,qzimuostzz.mp4,1920,1080,29.97,10.01,2725351.0,h264,300
data/raw/DFDC/cmxcfkrjiv.mp4,cmxcfkrjiv.mp4,fake,0.0033738519996404648,real,False,ztbinwxgyu.mp4,1920,1080,29.97,10.01,3751464.0,h264,300
data/raw/DFDC/cnilkgvfei.mp4,cnilkgvfei.mp4,fake,0.005853555630892515,real,False,kwyvikrgmx.mp4,1920,1080,29.97,10.01,4254303.0,h264,300
data/raw/DFDC/coadfnerlk.mp4,coadfnerlk.mp4,fake,0.22359447181224823,real,False,bwipwzzxxu.mp4,1920,1080,29.97,10.01,3269269.0,h264,300
data/raw/DFDC/covdcysmbi.mp4,covdcysmbi.mp4,fake,0.0019195189233869314,real,False,jomvcqqars.mp4,1920,1080,29.97,10.01,2689694.0,h264,300
data/raw/DFDC/cqfugiqupm.mp4,cqfugiqupm.mp4,fake,0.012241206131875515,real,False,fpvduejzcw.mp4,1920,1080,29.97,10.01,2450622.0,h264,300
data/raw/DFDC/cqhngvpgyi.mp4,cqhngvpgyi.mp4,fake,0.0014921643305569887,real,False,tfoixxmpoo.mp4,1920,1080,29.97,10.01,4596275.0,h264,300
data/raw/DFDC/cqrskwiqng.mp4,cqrskwiqng.mp4,fake,0.017705148085951805,real,False,swedbyuehz.mp4,1920,1080,29.97,10.01,3269078.0,h264,300
data/raw/DFDC/crktehraph.mp4,crktehraph.mp4,fake,0.9944937825202942,fake,True,vrsinxahfh.mp4,1920,1080,29.97,10.01,3637604.0,h264,300
data/raw/DFDC/crzfebnfgb.mp4,crzfebnfgb.mp4,fake,0.18830138444900513,real,False,wgmbcqfgkp.mp4,1920,1080,29.97,10.01,3832166.0,h264,300
data/raw/DFDC/cthdnahrkh.mp4,cthdnahrkh.mp4,fake,0.997197151184082,fake,True,vrsinxahfh.mp4,1920,1080,29.97,10.01,3717706.0,h264,300
data/raw/DFDC/ctpqeykqdp.mp4,ctpqeykqdp.mp4,fake,0.010619339533150196,real,False,iklzfeueid.mp4,1920,1080,29.97,10.01,2763892.0,h264,300
data/raw/DFDC/cttqtsjvgn.mp4,cttqtsjvgn.mp4,fake,0.00217836513184011,real,False,fkyrrigzpt.mp4,1920,1080,29.97,10.01,5785682.0,h264,300
data/raw/DFDC/ctzmavwror.mp4,ctzmavwror.mp4,fake,0.9999479055404663,fake,True,lkdlzpkukw.mp4,1920,1080,29.97,10.01,3353409.0,h264,300
data/raw/DFDC/curpwogllm.mp4,curpwogllm.mp4,fake,0.0011750035919249058,real,False,chtapglbcj.mp4,1920,1080,29.97,10.01,8146478.0,h264,300
data/raw/DFDC/cuzrgrbvil.mp4,cuzrgrbvil.mp4,fake,0.01973610371351242,real,False,iiomvouemm.mp4,1920,1080,29.97,10.01,3901477.0,h264,300
data/raw/DFDC/cvaksbpssm.mp4,cvaksbpssm.mp4,fake,0.01156123261898756,real,False,gdfyzwykty.mp4,1920,1080,29.97,10.01,3817795.0,h264,300
data/raw/DFDC/cwbacdwrzo.mp4,cwbacdwrzo.mp4,fake,0.004742687568068504,real,False,fecysfujzk.mp4,1920,1080,29.97,10.01,4223221.0,h264,300
data/raw/DFDC/cwqlvzefpg.mp4,cwqlvzefpg.mp4,fake,0.9994702935218811,fake,True,qeumxirsme.mp4,1920,1080,29.97,10.01,2162333.0,h264,300
data/raw/DFDC/cwrtyzndpx.mp4,cwrtyzndpx.mp4,fake,0.9984421133995056,fake,True,kgbkktcjxf.mp4,1920,1080,29.97,10.01,3992560.0,h264,300
data/raw/DFDC/cwsbspfzck.mp4,cwsbspfzck.mp4,fake,0.010393472388386726,real,False,wtreibcmgm.mp4,1920,1080,29.97,10.01,4139247.0,h264,300
data/raw/DFDC/cwwandrkus.mp4,cwwandrkus.mp4,fake,0.9946617484092712,fake,True,kgbkktcjxf.mp4,1920,1080,29.97,10.01,3978202.0,h264,300
data/raw/DFDC/cxfujlvsuw.mp4,cxfujlvsuw.mp4,fake,0.9998804330825806,fake,True,qtnjyomzwo.mp4,1920,1080,29.97,10.01,4237664.0,h264,300
data/raw/DFDC/cxrfacemmq.mp4,cxrfacemmq.mp4,fake,0.985552966594696,fake,True,dlpoieqvfb.mp4,1920,1080,29.97,10.01,2664647.0,h264,300
data/raw/DFDC/cxttmymlbn.mp4,cxttmymlbn.mp4,fake,0.1089029535651207,real,False,qapnbtdypb.mp4,1920,1080,29.97,10.01,4633218.0,h264,300
data/raw/DFDC/cyboodqqyr.mp4,cyboodqqyr.mp4,fake,0.9995293617248535,fake,True,qeumxirsme.mp4,1920,1080,29.97,10.01,2163760.0,h264,300
data/raw/DFDC/cycacemkmt.mp4,cycacemkmt.mp4,fake,0.9985112547874451,fake,True,atvmxvwyns.mp4,1920,1080,29.97,10.01,2156114.0,h264,300
data/raw/DFDC/cyclgfjdrv.mp4,cyclgfjdrv.mp4,fake,0.9992666840553284,fake,True,gbqrgajyca.mp4,1920,1080,29.97,10.01,2213020.0,h264,300
data/raw/DFDC/czfunozvwp.mp4,czfunozvwp.mp4,fake,0.9990567564964294,fake,True,caifxvsozs.mp4,1920,1080,29.97,10.01,2825379.0,h264,300
data/raw/DFDC/czkdanyadc.mp4,czkdanyadc.mp4,fake,0.8624399304389954,real,False,meawmsgiti.mp4,1920,1080,29.97,10.01,4137237.0,h264,300
data/raw/DFDC/czmqpxrqoh.mp4,czmqpxrqoh.mp4,fake,0.9988766312599182,fake,True,atvmxvwyns.mp4,1920,1080,29.97,10.01,2151812.0,h264,300
data/raw/DFDC/dafhtipaml.mp4,dafhtipaml.mp4,fake,0.9973490238189697,fake,True,kdodrvufdh.mp4,1920,1080,29.97,10.01,3580376.0,h264,300
data/raw/DFDC/dakqwktlbi.mp4,dakqwktlbi.mp4,fake,0.9995459914207458,fake,True,atvmxvwyns.mp4,1920,1080,29.97,10.01,2229336.0,h264,300
data/raw/DFDC/dbhoxkblzx.mp4,dbhoxkblzx.mp4,fake,0.9999879598617554,fake,True,qtnjyomzwo.mp4,1920,1080,29.97,10.01,4241629.0,h264,300
data/raw/DFDC/dbhrpizyeq.mp4,dbhrpizyeq.mp4,fake,0.17119809985160828,real,False,ffcwhpnpuw.mp4,1080,1920,29.75,10.02,3469740.0,h264,298
data/raw/DFDC/dboxtiehng.mp4,dboxtiehng.mp4,fake,0.008679693564772606,real,False,jjyfvzxwwx.mp4,1920,1080,29.97,10.01,2701532.0,h264,300
data/raw/DFDC/dbzcqmxzaj.mp4,dbzcqmxzaj.mp4,fake,0.9827667474746704,fake,True,yxyhvdlrgk.mp4,1920,1080,29.97,10.01,3971860.0,h264,300
data/raw/DFDC/dbzpcjntve.mp4,dbzpcjntve.mp4,fake,0.01551455445587635,real,False,ellavthztb.mp4,1920,1080,29.97,10.01,3237278.0,h264,300
data/raw/DFDC/dcamvmuors.mp4,dcamvmuors.mp4,fake,0.06984755396842957,real,False,iuzdfwsefw.mp4,1920,1080,29.97,10.01,2712702.0,h264,300
data/raw/DFDC/dcuiiorugd.mp4,dcuiiorugd.mp4,fake,0.05924592167139053,real,False,wapebjxejr.mp4,1920,1080,29.97,10.01,3821773.0,h264,300
data/raw/DFDC/ddhfabwpuz.mp4,ddhfabwpuz.mp4,fake,0.9982690811157227,fake,True,luvasmspox.mp4,1920,1080,29.97,10.01,4559405.0,h264,300
data/raw/DFDC/ddjggcasdw.mp4,ddjggcasdw.mp4,fake,0.9999330043792725,fake,True,qtnjyomzwo.mp4,1920,1080,29.97,10.01,4245934.0,h264,300
data/raw/DFDC/ddpvuimigj.mp4,ddpvuimigj.mp4,fake,0.9373563528060913,real,False,ijokcwewbs.mp4,1920,1080,29.97,10.01,2792061.0,h264,300
data/raw/DFDC/ddqccgmtka.mp4,ddqccgmtka.mp4,fake,0.010961427353322506,real,False,qokxxuayqn.mp4,1920,1080,29.97,10.01,3840590.0,h264,300
data/raw/DFDC/degpbqvcay.mp4,degpbqvcay.mp4,fake,0.002766811288893223,real,False,ptokilxwcx.mp4,1920,1080,29.97,10.01,3955792.0,h264,300
data/raw/DFDC/deywhkarol.mp4,deywhkarol.mp4,fake,0.0006923506152816117,real,False,ljaifbsfuw.mp4,1920,1080,29.97,10.01,3744806.0,h264,300
data/raw/DFDC/deyyistcrd.mp4,deyyistcrd.mp4,fake,0.9998577833175659,fake,True,ywvlvpvroj.mp4,1920,1080,29.97,10.01,4224591.0,h264,300
data/raw/DFDC/dfbpceeaox.mp4,dfbpceeaox.mp4,fake,0.4040531516075134,real,False,bffwsjxghk.mp4,1920,1080,29.97,10.01,3565507.0,h264,300
data/raw/DFDC/dgmevclvzy.mp4,dgmevclvzy.mp4,fake,0.0008430189918726683,real,False,jzmdganfys.mp4,1920,1080,29.97,10.01,2899280.0,h264,300
data/raw/DFDC/dgxrqjdomn.mp4,dgxrqjdomn.mp4,fake,0.006467364262789488,real,False,duycddgtrl.mp4,1920,1080,29.97,10.01,4139142.0,h264,300
data/raw/DFDC/dgzklxjmix.mp4,dgzklxjmix.mp4,fake,0.0023343516513705254,real,False,jszyyhamrh.mp4,1080,1920,29.97,10.01,3757965.0,h264,300
data/raw/DFDC/dhcselezer.mp4,dhcselezer.mp4,fake,0.574332594871521,real,False,uonshkejav.mp4,1080,1920,29.97,10.01,3879293.0,h264,300
data/raw/DFDC/dhevettufk.mp4,dhevettufk.mp4,fake,0.2793731987476349,real,False,cppdvdejkc.mp4,1080,1920,29.75,10.02,3415051.0,h264,298
data/raw/DFDC/dhjmzhrcav.mp4,dhjmzhrcav.mp4,fake,0.9990932941436768,fake,True,tdohqkzvbk.mp4,1920,1080,29.97,10.01,2579565.0,h264,300
data/raw/DFDC/dhkwmjxwrn.mp4,dhkwmjxwrn.mp4,fake,0.1168161928653717,real,False,ehccixxzoe.mp4,1920,1080,29.97,10.01,3690297.0,h264,300
data/raw/DFDC/dhoqofwoxa.mp4,dhoqofwoxa.mp4,fake,0.9993991851806641,fake,True,gbqrgajyca.mp4,1920,1080,29.97,10.01,2219628.0,h264,300
data/raw/DFDC/diomeixhrg.mp4,diomeixhrg.mp4,fake,0.004356570076197386,real,False,gneufaypol.mp4,1080,1920,29.97,10.01,2514946.0,h264,300
data/raw/DFDC/diopzaywor.mp4,diopzaywor.mp4,fake,0.9956575632095337,fake,True,fgfyrfyqay.mp4,1920,1080,29.97,10.01,4096780.0,h264,300
data/raw/DFDC/diqraixiov.mp4,diqraixiov.mp4,fake,0.0010714601958170533,real,False,gmihbscmwq.mp4,1920,1080,29.97,10.01,3166412.0,h264,300
data/raw/DFDC/diuzrpqjli.mp4,diuzrpqjli.mp4,fake,0.0004103305109310895,real,False,smggzgxymo.mp4,1920,1080,29.97,10.01,5945110.0,h264,300
data/raw/DFDC/djvtbgwdcc.mp4,djvtbgwdcc.mp4,fake,0.0012228715931996703,real,False,jljpdojupu.mp4,1920,1080,29.97,10.01,9020914.0,h264,300
data/raw/DFDC/djvutyvaio.mp4,djvutyvaio.mp4,fake,0.9990384578704834,fake,True,zhfyuhonra.mp4,1920,1080,29.97,10.01,2181186.0,h264,300
data/raw/DFDC/dkdwxmtpuo.mp4,dkdwxmtpuo.mp4,fake,0.003227114910259843,real,False,mmhqllmlew.mp4,1920,1080,29.97,10.01,3245794.0,h264,300
data/raw/DFDC/dkhlttuvmx.mp4,dkhlttuvmx.mp4,fake,0.9994458556175232,fake,True,qeumxirsme.mp4,1920,1080,29.97,10.01,2160431.0,h264,300
data/raw/DFDC/dkrvorliqc.mp4,dkrvorliqc.mp4,fake,0.05305686593055725,real,False,hcswybumab.mp4,1920,1080,29.97,10.01,5952311.0,h264,300
data/raw/DFDC/dkwjwbwgey.mp4,dkwjwbwgey.mp4,fake,0.10704091191291809,real,False,rfzzrftgco.mp4,1920,1080,29.97,10.01,2422143.0,h264,300
data/raw/DFDC/dlrsbscitn.mp4,dlrsbscitn.mp4,fake,0.007646027021110058,real,False,ztbinwxgyu.mp4,1920,1080,29.97,10.01,3696584.0,h264,300
data/raw/DFDC/dnexlwbcxq.mp4,dnexlwbcxq.mp4,fake,0.20008179545402527,real,False,ezaajaswoe.mp4,1920,1080,29.97,10.01,4360414.0,h264,300
data/raw/DFDC/dnhvalzvrt.mp4,dnhvalzvrt.mp4,fake,0.9997761845588684,fake,True,tamayudqqx.mp4,1920,1080,29.97,10.01,5526614.0,h264,300
data/raw/DFDC/dntkzzzcdh.mp4,dntkzzzcdh.mp4,fake,0.24499213695526123,real,False,gnyspcpbhd.mp4,1920,1080,29.97,10.01,4432757.0,h264,300
data/raw/DFDC/dnyvfblxpm.mp4,dnyvfblxpm.mp4,fake,0.4634443521499634,real,False,eckvhdusax.mp4,1920,1080,29.97,10.01,2697475.0,h264,300
data/raw/DFDC/doanjploai.mp4,doanjploai.mp4,fake,0.004526205360889435,real,False,fkqptfouqw.mp4,1920,1080,29.97,10.01,3808741.0,h264,300
data/raw/DFDC/dofusvhnib.mp4,dofusvhnib.mp4,fake,0.0027702830266207457,real,False,xnfwdpptym.mp4,1920,1080,29.97,10.01,3190756.0,h264,300
data/raw/DFDC/dozyddhild.mp4,dozyddhild.mp4,fake,0.00820186547935009,real,False,ngdswpaqnt.mp4,1080,1920,29.75,10.02,3699664.0,h264,298
data/raw/DFDC/dptbnjnkdg.mp4,dptbnjnkdg.mp4,fake,0.30229678750038147,real,False,kkzsnmrkqk.mp4,1920,1080,29.97,10.01,3582638.0,h264,300
data/raw/DFDC/dptrzdvwpg.mp4,dptrzdvwpg.mp4,fake,0.013661235570907593,real,False,iiomvouemm.mp4,1920,1080,29.97,10.01,3904098.0,h264,300
data/raw/DFDC/dqnyszdong.mp4,dqnyszdong.mp4,fake,0.999393105506897,fake,True,qeumxirsme.mp4,1920,1080,29.97,10.01,2165374.0,h264,300
data/raw/DFDC/dqppxmoqdl.mp4,dqppxmoqdl.mp4,fake,0.10779885947704315,real,False,zrkinjhsuq.mp4,1920,1080,29.97,10.01,2805347.0,h264,300
data/raw/DFDC/dqqtjcryjv.mp4,dqqtjcryjv.mp4,fake,0.017732011154294014,real,False,iyefnuagav.mp4,1920,1080,29.97,10.01,2637789.0,h264,300
data/raw/DFDC/dqswpjoepo.mp4,dqswpjoepo.mp4,fake,0.9987204074859619,fake,True,kydlpqfrvv.mp4,1920,1080,29.97,10.01,2690377.0,h264,300
data/raw/DFDC/dqzreruvje.mp4,dqzreruvje.mp4,fake,0.003339646849781275,real,False,rlldzrnmdn.mp4,1920,1080,29.97,10.01,2630914.0,h264,300
data/raw/DFDC/drgjzlxzxj.mp4,drgjzlxzxj.mp4,fake,0.0016393219120800495,real,False,yagllixjvh.mp4,1920,1080,29.97,10.01,4053256.0,h264,300
data/raw/DFDC/drsakwyvqv.mp4,drsakwyvqv.mp4,fake,0.01616121083498001,real,False,jomvcqqars.mp4,1920,1080,29.97,10.01,2687215.0,h264,300
data/raw/DFDC/drtbksnpol.mp4,drtbksnpol.mp4,fake,0.9991092085838318,fake,True,dzyuwjkjui.mp4,1920,1080,29.97,10.01,2418918.0,h264,300
data/raw/DFDC/dsdoseflas.mp4,dsdoseflas.mp4,fake,0.9756723046302795,fake,True,dzyuwjkjui.mp4,1920,1080,29.97,10.01,2411847.0,h264,300
data/raw/DFDC/dsgpbgsrdm.mp4,dsgpbgsrdm.mp4,fake,0.023024674504995346,real,False,nlerwupaqr.mp4,1920,1080,29.97,10.01,2701391.0,h264,300
data/raw/DFDC/dsndhujjjb.mp4,dsndhujjjb.mp4,fake,0.010688219219446182,real,False,ohnonevlro.mp4,1920,1080,29.97,10.01,2612660.0,h264,300
data/raw/DFDC/dtbpmdqvao.mp4,dtbpmdqvao.mp4,fake,0.9997323155403137,fake,True,gjypopglvi.mp4,1920,1080,29.97,10.01,2404971.0,h264,300
data/raw/DFDC/dtocdfbwca.mp4,dtocdfbwca.mp4,fake,0.2578214406967163,real,False,dakiztgtnw.mp4,1920,1080,29.97,10.01,2791037.0,h264,300
data/raw/DFDC/dubiroskqn.mp4,dubiroskqn.mp4,fake,0.0011726616648957133,real,False,gzyzdcbuuv.mp4,1920,1080,29.97,10.01,2901062.0,h264,300
data/raw/DFDC/dulanfulol.mp4,dulanfulol.mp4,fake,0.9997603297233582,fake,True,iieoqptzec.mp4,1920,1080,29.97,10.01,4154482.0,h264,300
data/raw/DFDC/duvyaxbzvp.mp4,duvyaxbzvp.mp4,fake,0.9895510077476501,fake,True,fgfyrfyqay.mp4,1920,1080,29.97,10.01,4092387.0,h264,300
data/raw/DFDC/duzuusuajr.mp4,duzuusuajr.mp4,fake,0.9881290793418884,fake,True,fgfyrfyqay.mp4,1920,1080,29.97,10.01,4091997.0,h264,300
data/raw/DFDC/dvakowbgbt.mp4,dvakowbgbt.mp4,fake,0.003389151766896248,real,False,slwkmefgde.mp4,1920,1080,29.97,10.01,3882383.0,h264,300
data/raw/DFDC/dvumqqhoac.mp4,dvumqqhoac.mp4,fake,0.9998038411140442,fake,True,kuelhabsmz.mp4,1920,1080,29.97,10.01,2651087.0,h264,300
data/raw/DFDC/dwediigjit.mp4,dwediigjit.mp4,fake,0.016466932371258736,real,False,tmdformfqp.mp4,1920,1080,29.97,10.01,2644782.0,h264,300
data/raw/DFDC/dxuliowugt.mp4,dxuliowugt.mp4,fake,0.012149179354310036,real,False,imzqmbfugn.mp4,1920,1080,29.97,10.01,2827305.0,h264,300
data/raw/DFDC/dxuplhwvig.mp4,dxuplhwvig.mp4,fake,0.9859485626220703,fake,True,yoavqsqobz.mp4,1920,1080,29.97,10.01,2543179.0,h264,300
data/raw/DFDC/dzieklokdr.mp4,dzieklokdr.mp4,fake,0.0013646873412653804,real,False,pylnolwenx.mp4,1920,1080,29.97,10.01,4038861.0,h264,300
data/raw/DFDC/dzqwgqewhu.mp4,dzqwgqewhu.mp4,fake,0.9676932692527771,fake,True,xwcggrygwl.mp4,1920,1080,29.97,10.01,2598824.0,h264,300
data/raw/DFDC/dzvyfiarrq.mp4,dzvyfiarrq.mp4,fake,0.031199686229228973,real,False,bgwmmujlmc.mp4,1920,1080,29.97,10.01,3810399.0,h264,300
data/raw/DFDC/dzwkmcwkwl.mp4,dzwkmcwkwl.mp4,fake,0.33285394310951233,real,False,pqvypayzrp.mp4,1080,1920,29.97,10.01,3699056.0,h264,300
data/raw/DFDC/eahlqmfvtj.mp4,eahlqmfvtj.mp4,fake,0.9999611377716064,fake,True,lyvlnqduqg.mp4,1920,1080,29.97,10.01,2641272.0,h264,300
data/raw/DFDC/eajlrktemq.mp4,eajlrktemq.mp4,fake,0.001163162523880601,real,False,yjlsxqoauz.mp4,1920,1080,29.97,10.01,3704216.0,h264,300
data/raw/DFDC/ebchwmwayp.mp4,ebchwmwayp.mp4,fake,0.1193322166800499,real,False,ehccixxzoe.mp4,1920,1080,29.97,10.01,3708539.0,h264,300
data/raw/DFDC/ebebgmtlcu.mp4,ebebgmtlcu.mp4,fake,0.9999967813491821,fake,True,iufotyxgzb.mp4,1920,1080,29.97,10.01,4206399.0,h264,300
data/raw/DFDC/ebeknhudxq.mp4,ebeknhudxq.mp4,fake,0.9943370223045349,fake,True,fysyrqfguw.mp4,1920,1080,29.97,10.01,2151094.0,h264,300
data/raw/DFDC/ebkzwjgjhq.mp4,ebkzwjgjhq.mp4,fake,0.0013238026294857264,real,False,kgbkktcjxf.mp4,1920,1080,29.97,10.01,4000769.0,h264,300
data/raw/DFDC/ebywfrmhtd.mp4,ebywfrmhtd.mp4,fake,0.00961080938577652,real,False,grnycmbdfu.mp4,1920,1080,29.97,10.01,2599757.0,h264,300
data/raw/DFDC/ecnihjlfyt.mp4,ecnihjlfyt.mp4,fake,0.9973045587539673,fake,True,kysxawkest.mp4,1920,1080,29.97,10.01,4616935.0,h264,300
data/raw/DFDC/ecuvtoltue.mp4,ecuvtoltue.mp4,fake,0.18308906257152557,real,False,xngpzquyhs.mp4,1920,1080,29.97,10.01,2746183.0,h264,300
data/raw/DFDC/ecwaxgutkc.mp4,ecwaxgutkc.mp4,fake,0.08291369676589966,real,False,itmwoyxbas.mp4,1920,1080,29.97,10.01,3618874.0,h264,300
data/raw/DFDC/eczrseixwq.mp4,eczrseixwq.mp4,fake,0.9999024868011475,fake,True,iieoqptzec.mp4,1920,1080,29.97,10.01,4119494.0,h264,300
data/raw/DFDC/eebrkicpry.mp4,eebrkicpry.mp4,fake,0.0009456978878006339,real,False,rjlgchzmfv.mp4,1920,1080,29.97,10.01,4003273.0,h264,300
data/raw/DFDC/eebserckhh.mp4,eebserckhh.mp4,fake,0.9999908208847046,fake,True,qzklcjjxdq.mp4,1920,1080,29.97,10.01,2676682.0,h264,300
data/raw/DFDC/eejswgycjc.mp4,eejswgycjc.mp4,fake,0.9999843835830688,fake,True,qzklcjjxdq.mp4,1920,1080,29.97,10.01,2655878.0,h264,300
data/raw/DFDC/eekozbeafq.mp4,eekozbeafq.mp4,fake,0.012181514874100685,real,False,olakcrnuro.mp4,1920,1080,29.97,10.01,3782771.0,h264,300
data/raw/DFDC/eepezmygaq.mp4,eepezmygaq.mp4,fake,0.08416390419006348,real,False,abarnvbtwb.mp4,1920,1080,29.97,10.01,4073945.0,h264,300
data/raw/DFDC/eeyhxisdfh.mp4,eeyhxisdfh.mp4,fake,0.9999442100524902,fake,True,lyvlnqduqg.mp4,1920,1080,29.97,10.01,2636126.0,h264,300
data/raw/DFDC/efdyrflcpg.mp4,efdyrflcpg.mp4,fake,0.005952048115432262,real,False,xngpzquyhs.mp4,1920,1080,29.97,10.01,2743609.0,h264,300
data/raw/DFDC/egbbcxcuqy.mp4,egbbcxcuqy.mp4,fake,0.41172513365745544,real,False,hqtepxaeqx.mp4,1920,1080,29.97,10.01,3931851.0,h264,300
data/raw/DFDC/ehbnclaukr.mp4,ehbnclaukr.mp4,fake,0.7628325819969177,real,False,gipbyjfxfp.mp4,1920,1080,29.97,10.01,2960351.0,h264,300
data/raw/DFDC/ehdkmxgtxh.mp4,ehdkmxgtxh.mp4,fake,0.9543434977531433,fake,True,bejhvclboh.mp4,1920,1080,29.97,10.01,2453673.0,h264,300
data/raw/DFDC/ehevsxtecd.mp4,ehevsxtecd.mp4,fake,0.9999433755874634,fake,True,nzquxipbye.mp4,1920,1080,29.97,10.01,2545954.0,h264,300
data/raw/DFDC/ehfiekigla.mp4,ehfiekigla.mp4,fake,0.9996670484542847,fake,True,avmjormvsx.mp4,1920,1080,29.97,10.01,4908560.0,h264,300
data/raw/DFDC/ehieahnhte.mp4,ehieahnhte.mp4,fake,0.9883211255073547,fake,True,sasoxcqisz.mp4,1920,1080,29.97,10.01,2667546.0,h264,300
data/raw/DFDC/eiriyukqqy.mp4,eiriyukqqy.mp4,fake,0.887072741985321,real,False,ixuouyigxa.mp4,1920,1080,29.97,10.01,3972569.0,h264,300
data/raw/DFDC/eivxffliio.mp4,eivxffliio.mp4,fake,0.0008205272606573999,real,False,joeifeskbs.mp4,1920,1080,29.97,10.01,2732304.0,h264,300
data/raw/DFDC/eiwopxzjfn.mp4,eiwopxzjfn.mp4,fake,0.9829406142234802,fake,True,xzvrgckqkz.mp4,1920,1080,29.97,10.01,2501604.0,h264,300
data/raw/DFDC/eixwxvxbbn.mp4,eixwxvxbbn.mp4,fake,0.9993785619735718,fake,True,ywvlvpvroj.mp4,1920,1080,29.97,10.01,4219133.0,h264,300
data/raw/DFDC/ejkqesyvam.mp4,ejkqesyvam.mp4,fake,0.0016440415056422353,real,False,jwcsqxzdlv.mp4,1920,1080,29.97,10.01,4025009.0,h264,300
data/raw/DFDC/ekhacizpah.mp4,ekhacizpah.mp4,fake,0.0009563121129758656,real,False,egghxjjmfg.mp4,1920,1080,29.97,10.01,6041932.0,h264,300
data/raw/DFDC/ekkdjkirzq.mp4,ekkdjkirzq.mp4,fake,0.028911665081977844,real,False,tivkmbqgwp.mp4,1920,1080,29.97,10.01,4077311.0,h264,300
data/raw/DFDC/elginszwtk.mp4,elginszwtk.mp4,fake,0.7596227526664734,real,False,gipbyjfxfp.mp4,1920,1080,29.97,10.01,2961909.0,h264,300
data/raw/DFDC/elvvackpjh.mp4,elvvackpjh.mp4,fake,0.9972900152206421,fake,True,qhkqqfznrg.mp4,1920,1080,29.97,10.01,4467958.0,h264,300
data/raw/DFDC/emaalmsonj.mp4,emaalmsonj.mp4,fake,0.9991040825843811,fake,True,dzyuwjkjui.mp4,1920,1080,29.97,10.01,2417604.0,h264,300
data/raw/DFDC/emfbhytfhc.mp4,emfbhytfhc.mp4,fake,0.7442161440849304,real,False,cprhtltsjp.mp4,1920,1080,29.97,10.01,4423465.0,h264,300
data/raw/DFDC/emgjphonqb.mp4,emgjphonqb.mp4,fake,0.0065291523933410645,real,False,ybjrqnqnno.mp4,1920,1080,29.97,10.01,4005337.0,h264,300
data/raw/DFDC/ensyyivobf.mp4,ensyyivobf.mp4,fake,0.003697329433634877,real,False,lulmevqtla.mp4,1920,1080,29.97,10.01,3601844.0,h264,300
data/raw/DFDC/eoewqcpbgt.mp4,eoewqcpbgt.mp4,fake,0.9994127750396729,fake,True,gbqrgajyca.mp4,1920,1080,29.97,10.01,2178232.0,h264,300
data/raw/DFDC/eprybmbpba.mp4,eprybmbpba.mp4,fake,0.9993762373924255,fake,True,kuelhabsmz.mp4,1920,1080,29.97,10.01,2648603.0,h264,300
data/raw/DFDC/epymyyiblu.mp4,epymyyiblu.mp4,fake,0.999904990196228,fake,True,svcnlasmeh.mp4,1920,1080,29.97,10.01,3352879.0,h264,300
data/raw/DFDC/eqjscdagiv.mp4,eqjscdagiv.mp4,fake,0.13380469381809235,real,False,dbnygxtwek.mp4,1920,1080,29.97,10.01,2512134.0,h264,300
data/raw/DFDC/eqvuznuwsa.mp4,eqvuznuwsa.mp4,fake,0.03425908833742142,real,False,cmbzllswnl.mp4,1920,1080,29.97,10.01,3597218.0,h264,300
data/raw/DFDC/erqgqacbqe.mp4,erqgqacbqe.mp4,fake,0.996483564376831,fake,True,nvpluswotp.mp4,1920,1080,29.97,10.01,3884740.0,h264,300
data/raw/DFDC/errocgcham.mp4,errocgcham.mp4,fake,0.029684405773878098,real,False,grnycmbdfu.mp4,1920,1080,29.97,10.01,2593907.0,h264,300
data/raw/DFDC/esckbnkkvb.mp4,esckbnkkvb.mp4,fake,0.0029830969870090485,real,False,gdfyzwykty.mp4,1920,1080,29.97,10.01,3825966.0,h264,300
data/raw/DFDC/esgftaficx.mp4,esgftaficx.mp4,fake,0.006611066870391369,real,False,rrcsuwgpnd.mp4,1920,1080,29.97,10.01,3017882.0,h264,300
data/raw/DFDC/esnntzzajv.mp4,esnntzzajv.mp4,fake,0.1395716518163681,real,False,ybetenmsye.mp4,1080,1920,29.75,10.02,3790786.0,h264,298
data/raw/DFDC/esxrvsgpvb.mp4,esxrvsgpvb.mp4,fake,0.005039658397436142,real,False,gomwfvijiv.mp4,1920,1080,29.97,10.01,2498614.0,h264,300
data/raw/DFDC/esyhwdfnxs.mp4,esyhwdfnxs.mp4,fake,0.9993768334388733,fake,True,qeumxirsme.mp4,1920,1080,29.97,10.01,2156171.0,h264,300
data/raw/DFDC/esyrimvzsa.mp4,esyrimvzsa.mp4,fake,0.9999855756759644,fake,True,qzklcjjxdq.mp4,1920,1080,29.97,10.01,2650462.0,h264,300
data/raw/DFDC/etdcqxabww.mp4,etdcqxabww.mp4,fake,0.9658917784690857,fake,True,gipbyjfxfp.mp4,1920,1080,29.97,10.01,2970054.0,h264,300
data/raw/DFDC/etejaapnxh.mp4,etejaapnxh.mp4,fake,0.04198111221194267,real,False,wtreibcmgm.mp4,1920,1080,29.97,10.01,4129098.0,h264,300
data/raw/DFDC/etmcruaihe.mp4,etmcruaihe.mp4,fake,0.0028319803532212973,real,False,afoovlsmtx.mp4,1080,1920,29.97,10.01,2670789.0,h264,300
data/raw/DFDC/etohcvnzbj.mp4,etohcvnzbj.mp4,fake,0.003266221145167947,real,False,bdnaqemxmr.mp4,1920,1080,29.97,10.01,6816451.0,h264,300
data/raw/DFDC/eukvucdetx.mp4,eukvucdetx.mp4,fake,0.998394787311554,fake,True,gjypopglvi.mp4,1920,1080,29.97,10.01,2440299.0,h264,300
